"","EURIRS","Rate_Name","Rate_Value"
"1","04/01/2021","X10.ANNI",-0.28
"2","04/01/2021","X15.ANNI",-0.1
"3","04/01/2021","X20.ANNI",-0.02
"4","04/01/2021","X25.ANNI",-0.02
"5","04/01/2021","X30.ANNI",-0.03
"6","05/01/2021","X10.ANNI",-0.27
"7","05/01/2021","X15.ANNI",-0.08
"8","05/01/2021","X20.ANNI",0
"9","05/01/2021","X25.ANNI",0.01
"10","05/01/2021","X30.ANNI",-0.02
"11","06/01/2021","X10.ANNI",-0.24
"12","06/01/2021","X15.ANNI",-0.05
"13","06/01/2021","X20.ANNI",0.04
"14","06/01/2021","X25.ANNI",0.04
"15","06/01/2021","X30.ANNI",0.01
"16","07/01/2021","X10.ANNI",-0.21
"17","07/01/2021","X15.ANNI",-0.02
"18","07/01/2021","X20.ANNI",0.06
"19","07/01/2021","X25.ANNI",0.08
"20","07/01/2021","X30.ANNI",0.05
"21","08/01/2021","X10.ANNI",-0.21
"22","08/01/2021","X15.ANNI",-0.02
"23","08/01/2021","X20.ANNI",0.05
"24","08/01/2021","X25.ANNI",0.08
"25","08/01/2021","X30.ANNI",0.05
"26","11/01/2021","X10.ANNI",-0.2
"27","11/01/2021","X15.ANNI",0
"28","11/01/2021","X20.ANNI",0.09
"29","11/01/2021","X25.ANNI",0.09
"30","11/01/2021","X30.ANNI",0.06
"31","12/01/2021","X10.ANNI",-0.18
"32","12/01/2021","X15.ANNI",0.02
"33","12/01/2021","X20.ANNI",0.11
"34","12/01/2021","X25.ANNI",0.12
"35","12/01/2021","X30.ANNI",0.12
"36","13/01/2021","X10.ANNI",-0.22
"37","13/01/2021","X15.ANNI",-0.03
"38","13/01/2021","X20.ANNI",0.05
"39","13/01/2021","X25.ANNI",0.06
"40","13/01/2021","X30.ANNI",0.04
"41","14/01/2021","X10.ANNI",-0.24
"42","14/01/2021","X15.ANNI",-0.03
"43","14/01/2021","X20.ANNI",0.04
"44","14/01/2021","X25.ANNI",0.05
"45","14/01/2021","X30.ANNI",0.02
"46","15/01/2021","X10.ANNI",-0.23
"47","15/01/2021","X15.ANNI",-0.04
"48","15/01/2021","X20.ANNI",0.05
"49","15/01/2021","X25.ANNI",0.06
"50","15/01/2021","X30.ANNI",0.04
"51","18/01/2021","X10.ANNI",-0.21
"52","18/01/2021","X15.ANNI",-0.03
"53","18/01/2021","X20.ANNI",0.06
"54","18/01/2021","X25.ANNI",0.07
"55","18/01/2021","X30.ANNI",0.05
"56","19/01/2021","X10.ANNI",-0.21
"57","19/01/2021","X15.ANNI",-0.02
"58","19/01/2021","X20.ANNI",0.07
"59","19/01/2021","X25.ANNI",0.08
"60","19/01/2021","X30.ANNI",0.06
"61","20/01/2021","X10.ANNI",-0.2
"62","20/01/2021","X15.ANNI",-0.01
"63","20/01/2021","X20.ANNI",0.07
"64","20/01/2021","X25.ANNI",0.09
"65","20/01/2021","X30.ANNI",0.07
"66","21/01/2021","X10.ANNI",-0.19
"67","21/01/2021","X15.ANNI",0.02
"68","21/01/2021","X20.ANNI",0.11
"69","21/01/2021","X25.ANNI",0.12
"70","21/01/2021","X30.ANNI",0.1
"71","22/01/2021","X10.ANNI",-0.18
"72","22/01/2021","X15.ANNI",0.02
"73","22/01/2021","X20.ANNI",0.1
"74","22/01/2021","X25.ANNI",0.11
"75","22/01/2021","X30.ANNI",0.09
"76","25/01/2021","X10.ANNI",-0.22
"77","25/01/2021","X15.ANNI",-0.03
"78","25/01/2021","X20.ANNI",0.08
"79","25/01/2021","X25.ANNI",0.08
"80","25/01/2021","X30.ANNI",0.06
"81","26/01/2021","X10.ANNI",-0.2
"82","26/01/2021","X15.ANNI",0
"83","26/01/2021","X20.ANNI",0.09
"84","26/01/2021","X25.ANNI",0.11
"85","26/01/2021","X30.ANNI",0.09
"86","27/01/2021","X10.ANNI",-0.2
"87","27/01/2021","X15.ANNI",0
"88","27/01/2021","X20.ANNI",0.1
"89","27/01/2021","X25.ANNI",0.11
"90","27/01/2021","X30.ANNI",0.09
"91","28/01/2021","X10.ANNI",-0.2
"92","28/01/2021","X15.ANNI",-0.01
"93","28/01/2021","X20.ANNI",0.11
"94","28/01/2021","X25.ANNI",0.11
"95","28/01/2021","X30.ANNI",0.11
"96","29/01/2021","X10.ANNI",-0.17
"97","29/01/2021","X15.ANNI",0.04
"98","29/01/2021","X20.ANNI",0.14
"99","29/01/2021","X25.ANNI",0.15
"100","29/01/2021","X30.ANNI",0.14
"101","01/02/2021","X10.ANNI",-0.17
"102","01/02/2021","X15.ANNI",0.05
"103","01/02/2021","X20.ANNI",0.14
"104","01/02/2021","X25.ANNI",0.16
"105","01/02/2021","X30.ANNI",0.14
"106","02/02/2021","X10.ANNI",-0.17
"107","02/02/2021","X15.ANNI",0.05
"108","02/02/2021","X20.ANNI",0.15
"109","02/02/2021","X25.ANNI",0.16
"110","02/02/2021","X30.ANNI",0.15
"111","03/02/2021","X10.ANNI",-0.13
"112","03/02/2021","X15.ANNI",0.09
"113","03/02/2021","X20.ANNI",0.19
"114","03/02/2021","X25.ANNI",0.21
"115","03/02/2021","X30.ANNI",0.2
"116","04/02/2021","X10.ANNI",-0.13
"117","04/02/2021","X15.ANNI",0.1
"118","04/02/2021","X20.ANNI",0.19
"119","04/02/2021","X25.ANNI",0.21
"120","04/02/2021","X30.ANNI",0.2
"121","05/02/2021","X10.ANNI",-0.12
"122","05/02/2021","X15.ANNI",0.11
"123","05/02/2021","X20.ANNI",0.22
"124","05/02/2021","X25.ANNI",0.24
"125","05/02/2021","X30.ANNI",0.23
"126","08/02/2021","X10.ANNI",-0.11
"127","08/02/2021","X15.ANNI",0.1
"128","08/02/2021","X20.ANNI",0.24
"129","08/02/2021","X25.ANNI",0.25
"130","08/02/2021","X30.ANNI",0.24
"131","09/02/2021","X10.ANNI",-0.11
"132","09/02/2021","X15.ANNI",0.12
"133","09/02/2021","X20.ANNI",0.22
"134","09/02/2021","X25.ANNI",0.25
"135","09/02/2021","X30.ANNI",0.24
"136","10/02/2021","X10.ANNI",-0.09
"137","10/02/2021","X15.ANNI",0.14
"138","10/02/2021","X20.ANNI",0.24
"139","10/02/2021","X25.ANNI",0.28
"140","10/02/2021","X30.ANNI",0.27
"141","11/02/2021","X10.ANNI",-0.12
"142","11/02/2021","X15.ANNI",0.11
"143","11/02/2021","X20.ANNI",0.21
"144","11/02/2021","X25.ANNI",0.24
"145","11/02/2021","X30.ANNI",0.23
"146","12/02/2021","X10.ANNI",-0.09
"147","12/02/2021","X15.ANNI",0.15
"148","12/02/2021","X20.ANNI",0.27
"149","12/02/2021","X25.ANNI",0.31
"150","12/02/2021","X30.ANNI",0.3
"151","15/02/2021","X10.ANNI",-0.05
"152","15/02/2021","X15.ANNI",0.19
"153","15/02/2021","X20.ANNI",0.31
"154","15/02/2021","X25.ANNI",0.34
"155","15/02/2021","X30.ANNI",0.33
"156","16/02/2021","X10.ANNI",-0.01
"157","16/02/2021","X15.ANNI",0.24
"158","16/02/2021","X20.ANNI",0.35
"159","16/02/2021","X25.ANNI",0.39
"160","16/02/2021","X30.ANNI",0.39
"161","17/02/2021","X10.ANNI",-0.03
"162","17/02/2021","X15.ANNI",0.22
"163","17/02/2021","X20.ANNI",0.34
"164","17/02/2021","X25.ANNI",0.37
"165","17/02/2021","X30.ANNI",0.36
"166","18/02/2021","X10.ANNI",-0.01
"167","18/02/2021","X15.ANNI",0.23
"168","18/02/2021","X20.ANNI",0.36
"169","18/02/2021","X25.ANNI",0.37
"170","18/02/2021","X30.ANNI",0.36
"171","19/02/2021","X10.ANNI",0.02
"172","19/02/2021","X15.ANNI",0.28
"173","19/02/2021","X20.ANNI",0.38
"174","19/02/2021","X25.ANNI",0.41
"175","19/02/2021","X30.ANNI",0.41
"176","22/02/2021","X10.ANNI",-0.01
"177","22/02/2021","X15.ANNI",0.23
"178","22/02/2021","X20.ANNI",0.34
"179","22/02/2021","X25.ANNI",0.37
"180","22/02/2021","X30.ANNI",0.36
"181","23/02/2021","X10.ANNI",0.01
"182","23/02/2021","X15.ANNI",0.25
"183","23/02/2021","X20.ANNI",0.37
"184","23/02/2021","X25.ANNI",0.39
"185","23/02/2021","X30.ANNI",0.38
"186","24/02/2021","X10.ANNI",0.03
"187","24/02/2021","X15.ANNI",0.28
"188","24/02/2021","X20.ANNI",0.38
"189","24/02/2021","X25.ANNI",0.42
"190","24/02/2021","X30.ANNI",0.42
"191","25/02/2021","X10.ANNI",0.08
"192","25/02/2021","X15.ANNI",0.31
"193","25/02/2021","X20.ANNI",0.42
"194","25/02/2021","X25.ANNI",0.44
"195","25/02/2021","X30.ANNI",0.44
"196","26/02/2021","X10.ANNI",0.06
"197","26/02/2021","X15.ANNI",0.31
"198","26/02/2021","X20.ANNI",0.39
"199","26/02/2021","X25.ANNI",0.41
"200","26/02/2021","X30.ANNI",0.4
"201","01/03/2021","X10.ANNI",-0.02
"202","01/03/2021","X15.ANNI",0.22
"203","01/03/2021","X20.ANNI",0.32
"204","01/03/2021","X25.ANNI",0.34
"205","01/03/2021","X30.ANNI",0.34
"206","02/03/2021","X10.ANNI",-0.02
"207","02/03/2021","X15.ANNI",0.23
"208","02/03/2021","X20.ANNI",0.34
"209","02/03/2021","X25.ANNI",0.36
"210","02/03/2021","X30.ANNI",0.34
"211","03/03/2021","X10.ANNI",0.03
"212","03/03/2021","X15.ANNI",0.28
"213","03/03/2021","X20.ANNI",0.39
"214","03/03/2021","X25.ANNI",0.41
"215","03/03/2021","X30.ANNI",0.41
"216","04/03/2021","X10.ANNI",0
"217","04/03/2021","X15.ANNI",0.26
"218","04/03/2021","X20.ANNI",0.37
"219","04/03/2021","X25.ANNI",0.4
"220","04/03/2021","X30.ANNI",0.39
"221","05/03/2021","X10.ANNI",0.04
"222","05/03/2021","X15.ANNI",0.29
"223","05/03/2021","X20.ANNI",0.4
"224","05/03/2021","X25.ANNI",0.44
"225","05/03/2021","X30.ANNI",0.42
"226","08/03/2021","X10.ANNI",0.05
"227","08/03/2021","X15.ANNI",0.3
"228","08/03/2021","X20.ANNI",0.41
"229","08/03/2021","X25.ANNI",0.44
"230","08/03/2021","X30.ANNI",0.43
"231","09/03/2021","X10.ANNI",0.03
"232","09/03/2021","X15.ANNI",0.28
"233","09/03/2021","X20.ANNI",0.4
"234","09/03/2021","X25.ANNI",0.41
"235","09/03/2021","X30.ANNI",0.41
"236","10/03/2021","X10.ANNI",0.03
"237","10/03/2021","X15.ANNI",0.27
"238","10/03/2021","X20.ANNI",0.38
"239","10/03/2021","X25.ANNI",0.41
"240","10/03/2021","X30.ANNI",0.39
"241","11/03/2021","X10.ANNI",0.01
"242","11/03/2021","X15.ANNI",0.26
"243","11/03/2021","X20.ANNI",0.37
"244","11/03/2021","X25.ANNI",0.4
"245","11/03/2021","X30.ANNI",0.39
"246","12/03/2021","X10.ANNI",0.05
"247","12/03/2021","X15.ANNI",0.33
"248","12/03/2021","X20.ANNI",0.44
"249","12/03/2021","X25.ANNI",0.47
"250","12/03/2021","X30.ANNI",0.46
"251","15/03/2021","X10.ANNI",0.02
"252","15/03/2021","X15.ANNI",0.28
"253","15/03/2021","X20.ANNI",0.4
"254","15/03/2021","X25.ANNI",0.43
"255","15/03/2021","X30.ANNI",0.42
"256","16/03/2021","X10.ANNI",0.01
"257","16/03/2021","X15.ANNI",0.27
"258","16/03/2021","X20.ANNI",0.39
"259","16/03/2021","X25.ANNI",0.42
"260","16/03/2021","X30.ANNI",0.41
"261","17/03/2021","X10.ANNI",0.06
"262","17/03/2021","X15.ANNI",0.32
"263","17/03/2021","X20.ANNI",0.46
"264","17/03/2021","X25.ANNI",0.48
"265","17/03/2021","X30.ANNI",0.47
"266","18/03/2021","X10.ANNI",0.1
"267","18/03/2021","X15.ANNI",0.37
"268","18/03/2021","X20.ANNI",0.48
"269","18/03/2021","X25.ANNI",0.53
"270","18/03/2021","X30.ANNI",0.52
"271","19/03/2021","X10.ANNI",0.06
"272","19/03/2021","X15.ANNI",0.34
"273","19/03/2021","X20.ANNI",0.46
"274","19/03/2021","X25.ANNI",0.5
"275","19/03/2021","X30.ANNI",0.49
"276","22/03/2021","X10.ANNI",0.07
"277","22/03/2021","X15.ANNI",0.32
"278","22/03/2021","X20.ANNI",0.46
"279","22/03/2021","X25.ANNI",0.5
"280","22/03/2021","X30.ANNI",0.5
"281","23/03/2021","X10.ANNI",0.03
"282","23/03/2021","X15.ANNI",0.31
"283","23/03/2021","X20.ANNI",0.44
"284","23/03/2021","X25.ANNI",0.46
"285","23/03/2021","X30.ANNI",0.46
"286","24/03/2021","X10.ANNI",0.02
"287","24/03/2021","X15.ANNI",0.29
"288","24/03/2021","X20.ANNI",0.42
"289","24/03/2021","X25.ANNI",0.45
"290","24/03/2021","X30.ANNI",0.44
"291","25/03/2021","X10.ANNI",0.01
"292","25/03/2021","X15.ANNI",0.26
"293","25/03/2021","X20.ANNI",0.39
"294","25/03/2021","X25.ANNI",0.41
"295","25/03/2021","X30.ANNI",0.4
"296","26/03/2021","X10.ANNI",0.04
"297","26/03/2021","X15.ANNI",0.31
"298","26/03/2021","X20.ANNI",0.42
"299","26/03/2021","X25.ANNI",0.46
"300","26/03/2021","X30.ANNI",0.45
"301","29/03/2021","X10.ANNI",0.04
"302","29/03/2021","X15.ANNI",0.33
"303","29/03/2021","X20.ANNI",0.45
"304","29/03/2021","X25.ANNI",0.5
"305","29/03/2021","X30.ANNI",0.49
"306","30/03/2021","X10.ANNI",0.08
"307","30/03/2021","X15.ANNI",0.35
"308","30/03/2021","X20.ANNI",0.48
"309","30/03/2021","X25.ANNI",0.51
"310","30/03/2021","X30.ANNI",0.5
"311","31/03/2021","X10.ANNI",0.07
"312","31/03/2021","X15.ANNI",0.34
"313","31/03/2021","X20.ANNI",0.46
"314","31/03/2021","X25.ANNI",0.5
"315","31/03/2021","X30.ANNI",0.48
"316","01/04/2021","X10.ANNI",0.06
"317","01/04/2021","X15.ANNI",0.33
"318","01/04/2021","X20.ANNI",0.44
"319","01/04/2021","X25.ANNI",0.48
"320","01/04/2021","X30.ANNI",0.47
"321","06/04/2021","X10.ANNI",0.04
"322","06/04/2021","X15.ANNI",0.33
"323","06/04/2021","X20.ANNI",0.44
"324","06/04/2021","X25.ANNI",0.48
"325","06/04/2021","X30.ANNI",0.46
"326","07/04/2021","X10.ANNI",0.05
"327","07/04/2021","X15.ANNI",0.33
"328","07/04/2021","X20.ANNI",0.44
"329","07/04/2021","X25.ANNI",0.48
"330","07/04/2021","X30.ANNI",0.48
"331","08/04/2021","X10.ANNI",0.03
"332","08/04/2021","X15.ANNI",0.31
"333","08/04/2021","X20.ANNI",0.43
"334","08/04/2021","X25.ANNI",0.47
"335","08/04/2021","X30.ANNI",0.45
"336","09/04/2021","X10.ANNI",0.07
"337","09/04/2021","X15.ANNI",0.33
"338","09/04/2021","X20.ANNI",0.46
"339","09/04/2021","X25.ANNI",0.49
"340","09/04/2021","X30.ANNI",0.48
"341","12/04/2021","X10.ANNI",0.06
"342","12/04/2021","X15.ANNI",0.33
"343","12/04/2021","X20.ANNI",0.46
"344","12/04/2021","X25.ANNI",0.49
"345","12/04/2021","X30.ANNI",0.48
"346","13/04/2021","X10.ANNI",0.07
"347","13/04/2021","X15.ANNI",0.35
"348","13/04/2021","X20.ANNI",0.47
"349","13/04/2021","X25.ANNI",0.5
"350","13/04/2021","X30.ANNI",0.49
"351","14/04/2021","X10.ANNI",0.09
"352","14/04/2021","X15.ANNI",0.38
"353","14/04/2021","X20.ANNI",0.49
"354","14/04/2021","X25.ANNI",0.53
"355","14/04/2021","X30.ANNI",0.51
"356","15/04/2021","X10.ANNI",0.07
"357","15/04/2021","X15.ANNI",0.33
"358","15/04/2021","X20.ANNI",0.46
"359","15/04/2021","X25.ANNI",0.49
"360","15/04/2021","X30.ANNI",0.48
"361","16/04/2021","X10.ANNI",0.1
"362","16/04/2021","X15.ANNI",0.37
"363","16/04/2021","X20.ANNI",0.47
"364","16/04/2021","X25.ANNI",0.52
"365","16/04/2021","X30.ANNI",0.51
"366","19/04/2021","X10.ANNI",0.1
"367","19/04/2021","X15.ANNI",0.37
"368","19/04/2021","X20.ANNI",0.49
"369","19/04/2021","X25.ANNI",0.52
"370","19/04/2021","X30.ANNI",0.51
"371","20/04/2021","X10.ANNI",0.09
"372","20/04/2021","X15.ANNI",0.36
"373","20/04/2021","X20.ANNI",0.48
"374","20/04/2021","X25.ANNI",0.51
"375","20/04/2021","X30.ANNI",0.49
"376","21/04/2021","X10.ANNI",0.1
"377","21/04/2021","X15.ANNI",0.36
"378","21/04/2021","X20.ANNI",0.46
"379","21/04/2021","X25.ANNI",0.51
"380","21/04/2021","X30.ANNI",0.49
"381","22/04/2021","X10.ANNI",0.08
"382","22/04/2021","X15.ANNI",0.34
"383","22/04/2021","X20.ANNI",0.46
"384","22/04/2021","X25.ANNI",0.5
"385","22/04/2021","X30.ANNI",0.47
"386","23/04/2021","X10.ANNI",0.08
"387","23/04/2021","X15.ANNI",0.35
"388","23/04/2021","X20.ANNI",0.47
"389","23/04/2021","X25.ANNI",0.49
"390","23/04/2021","X30.ANNI",0.47
"391","26/04/2021","X10.ANNI",0.11
"392","26/04/2021","X15.ANNI",0.37
"393","26/04/2021","X20.ANNI",0.47
"394","26/04/2021","X25.ANNI",0.51
"395","26/04/2021","X30.ANNI",0.5
"396","27/04/2021","X10.ANNI",0.12
"397","27/04/2021","X15.ANNI",0.38
"398","27/04/2021","X20.ANNI",0.49
"399","27/04/2021","X25.ANNI",0.52
"400","27/04/2021","X30.ANNI",0.51
"401","28/04/2021","X10.ANNI",0.13
"402","28/04/2021","X15.ANNI",0.39
"403","28/04/2021","X20.ANNI",0.51
"404","28/04/2021","X25.ANNI",0.54
"405","28/04/2021","X30.ANNI",0.53
"406","29/04/2021","X10.ANNI",0.15
"407","29/04/2021","X15.ANNI",0.43
"408","29/04/2021","X20.ANNI",0.55
"409","29/04/2021","X25.ANNI",0.57
"410","29/04/2021","X30.ANNI",0.56
"411","30/04/2021","X10.ANNI",0.14
"412","30/04/2021","X15.ANNI",0.41
"413","30/04/2021","X20.ANNI",0.55
"414","30/04/2021","X25.ANNI",0.56
"415","30/04/2021","X30.ANNI",0.55
"416","03/05/2021","X10.ANNI",0.15
"417","03/05/2021","X15.ANNI",0.43
"418","03/05/2021","X20.ANNI",0.53
"419","03/05/2021","X25.ANNI",0.58
"420","03/05/2021","X30.ANNI",0.56
"421","04/05/2021","X10.ANNI",0.18
"422","04/05/2021","X15.ANNI",0.38
"423","04/05/2021","X20.ANNI",0.5
"424","04/05/2021","X25.ANNI",0.53
"425","04/05/2021","X30.ANNI",0.52
"426","05/05/2021","X10.ANNI",0.11
"427","05/05/2021","X15.ANNI",0.4
"428","05/05/2021","X20.ANNI",0.51
"429","05/05/2021","X25.ANNI",0.53
"430","05/05/2021","X30.ANNI",0.54
"431","06/05/2021","X10.ANNI",0.1
"432","06/05/2021","X15.ANNI",0.38
"433","06/05/2021","X20.ANNI",0.5
"434","06/05/2021","X25.ANNI",0.51
"435","06/05/2021","X30.ANNI",0.52
"436","07/05/2021","X10.ANNI",0.11
"437","07/05/2021","X15.ANNI",0.38
"438","07/05/2021","X20.ANNI",0.5
"439","07/05/2021","X25.ANNI",0.53
"440","07/05/2021","X30.ANNI",0.52
"441","10/05/2021","X10.ANNI",0.14
"442","10/05/2021","X15.ANNI",0.41
"443","10/05/2021","X20.ANNI",0.52
"444","10/05/2021","X25.ANNI",0.56
"445","10/05/2021","X30.ANNI",0.55
"446","11/05/2021","X10.ANNI",0.18
"447","11/05/2021","X15.ANNI",0.43
"448","11/05/2021","X20.ANNI",0.55
"449","11/05/2021","X25.ANNI",0.58
"450","11/05/2021","X30.ANNI",0.57
"451","12/05/2021","X10.ANNI",0.18
"452","12/05/2021","X15.ANNI",0.46
"453","12/05/2021","X20.ANNI",0.56
"454","12/05/2021","X25.ANNI",0.6
"455","12/05/2021","X30.ANNI",0.58
"456","13/05/2021","X10.ANNI",0.17
"457","13/05/2021","X15.ANNI",0.43
"458","13/05/2021","X20.ANNI",0.55
"459","13/05/2021","X25.ANNI",0.58
"460","13/05/2021","X30.ANNI",0.55
"461","14/05/2021","X10.ANNI",0.16
"462","14/05/2021","X15.ANNI",0.43
"463","14/05/2021","X20.ANNI",0.54
"464","14/05/2021","X25.ANNI",0.57
"465","14/05/2021","X30.ANNI",0.55
"466","17/05/2021","X10.ANNI",0.18
"467","17/05/2021","X15.ANNI",0.44
"468","17/05/2021","X20.ANNI",0.56
"469","17/05/2021","X25.ANNI",0.58
"470","17/05/2021","X30.ANNI",0.57
"471","18/05/2021","X10.ANNI",0.21
"472","18/05/2021","X15.ANNI",0.47
"473","18/05/2021","X20.ANNI",0.59
"474","18/05/2021","X25.ANNI",0.61
"475","18/05/2021","X30.ANNI",0.6
"476","19/05/2021","X10.ANNI",0.18
"477","19/05/2021","X15.ANNI",0.44
"478","19/05/2021","X20.ANNI",0.57
"479","19/05/2021","X25.ANNI",0.59
"480","19/05/2021","X30.ANNI",0.58
"481","20/05/2021","X10.ANNI",0.19
"482","20/05/2021","X15.ANNI",0.45
"483","20/05/2021","X20.ANNI",0.57
"484","20/05/2021","X25.ANNI",0.59
"485","20/05/2021","X30.ANNI",0.57
"486","21/05/2021","X10.ANNI",0.17
"487","21/05/2021","X15.ANNI",0.44
"488","21/05/2021","X20.ANNI",0.55
"489","21/05/2021","X25.ANNI",0.57
"490","21/05/2021","X30.ANNI",0.56
"491","24/05/2021","X10.ANNI",0.16
"492","24/05/2021","X15.ANNI",0.42
"493","24/05/2021","X20.ANNI",0.54
"494","24/05/2021","X25.ANNI",0.56
"495","24/05/2021","X30.ANNI",0.55
"496","25/05/2021","X10.ANNI",0.15
"497","25/05/2021","X15.ANNI",0.41
"498","25/05/2021","X20.ANNI",0.53
"499","25/05/2021","X25.ANNI",0.56
"500","25/05/2021","X30.ANNI",0.53
"501","26/05/2021","X10.ANNI",0.12
"502","26/05/2021","X15.ANNI",0.37
"503","26/05/2021","X20.ANNI",0.49
"504","26/05/2021","X25.ANNI",0.51
"505","26/05/2021","X30.ANNI",0.51
"506","27/05/2021","X10.ANNI",0.14
"507","27/05/2021","X15.ANNI",0.4
"508","27/05/2021","X20.ANNI",0.52
"509","27/05/2021","X25.ANNI",0.56
"510","27/05/2021","X30.ANNI",0.53
"511","28/05/2021","X10.ANNI",0.14
"512","28/05/2021","X15.ANNI",0.41
"513","28/05/2021","X20.ANNI",0.53
"514","28/05/2021","X25.ANNI",0.55
"515","28/05/2021","X30.ANNI",0.54
"516","31/05/2021","X10.ANNI",0.13
"517","31/05/2021","X15.ANNI",0.39
"518","31/05/2021","X20.ANNI",0.5
"519","31/05/2021","X25.ANNI",0.53
"520","31/05/2021","X30.ANNI",0.51
"521","01/06/2021","X10.ANNI",0.13
"522","01/06/2021","X15.ANNI",0.4
"523","01/06/2021","X20.ANNI",0.51
"524","01/06/2021","X25.ANNI",0.54
"525","01/06/2021","X30.ANNI",0.53
"526","02/06/2021","X10.ANNI",0.12
"527","02/06/2021","X15.ANNI",0.38
"528","02/06/2021","X20.ANNI",0.5
"529","02/06/2021","X25.ANNI",0.53
"530","02/06/2021","X30.ANNI",0.52
"531","03/06/2021","X10.ANNI",0.14
"532","03/06/2021","X15.ANNI",0.4
"533","03/06/2021","X20.ANNI",0.52
"534","03/06/2021","X25.ANNI",0.55
"535","03/06/2021","X30.ANNI",0.54
"536","04/06/2021","X10.ANNI",0.13
"537","04/06/2021","X15.ANNI",0.39
"538","04/06/2021","X20.ANNI",0.51
"539","04/06/2021","X25.ANNI",0.54
"540","04/06/2021","X30.ANNI",0.53
"541","07/06/2021","X10.ANNI",0.14
"542","07/06/2021","X15.ANNI",0.38
"543","07/06/2021","X20.ANNI",0.51
"544","07/06/2021","X25.ANNI",0.54
"545","07/06/2021","X30.ANNI",0.52
"546","08/06/2021","X10.ANNI",0.12
"547","08/06/2021","X15.ANNI",0.39
"548","08/06/2021","X20.ANNI",0.49
"549","08/06/2021","X25.ANNI",0.53
"550","08/06/2021","X30.ANNI",0.51
"551","09/06/2021","X10.ANNI",0.09
"552","09/06/2021","X15.ANNI",0.35
"553","09/06/2021","X20.ANNI",0.45
"554","09/06/2021","X25.ANNI",0.5
"555","09/06/2021","X30.ANNI",0.48
"556","10/06/2021","X10.ANNI",0.08
"557","10/06/2021","X15.ANNI",0.35
"558","10/06/2021","X20.ANNI",0.48
"559","10/06/2021","X25.ANNI",0.5
"560","10/06/2021","X30.ANNI",0.48
"561","11/06/2021","X10.ANNI",0.07
"562","11/06/2021","X15.ANNI",0.33
"563","11/06/2021","X20.ANNI",0.45
"564","11/06/2021","X25.ANNI",0.47
"565","11/06/2021","X30.ANNI",0.47
"566","14/06/2021","X10.ANNI",0.1
"567","14/06/2021","X15.ANNI",0.37
"568","14/06/2021","X20.ANNI",0.47
"569","14/06/2021","X25.ANNI",0.51
"570","14/06/2021","X30.ANNI",0.49
"571","15/06/2021","X10.ANNI",0.11
"572","15/06/2021","X15.ANNI",0.37
"573","15/06/2021","X20.ANNI",0.49
"574","15/06/2021","X25.ANNI",0.53
"575","15/06/2021","X30.ANNI",0.5
"576","16/06/2021","X10.ANNI",0.1
"577","16/06/2021","X15.ANNI",0.36
"578","16/06/2021","X20.ANNI",0.48
"579","16/06/2021","X25.ANNI",0.51
"580","16/06/2021","X30.ANNI",0.49
"581","17/06/2021","X10.ANNI",0.1
"582","17/06/2021","X15.ANNI",0.36
"583","17/06/2021","X20.ANNI",0.47
"584","17/06/2021","X25.ANNI",0.51
"585","17/06/2021","X30.ANNI",0.48
"586","18/06/2021","X10.ANNI",0.1
"587","18/06/2021","X15.ANNI",0.34
"588","18/06/2021","X20.ANNI",0.44
"589","18/06/2021","X25.ANNI",0.46
"590","18/06/2021","X30.ANNI",0.43
"591","21/06/2021","X10.ANNI",0.13
"592","21/06/2021","X15.ANNI",0.38
"593","21/06/2021","X20.ANNI",0.47
"594","21/06/2021","X25.ANNI",0.5
"595","21/06/2021","X30.ANNI",0.47
"596","22/06/2021","X10.ANNI",0.12
"597","22/06/2021","X15.ANNI",0.37
"598","22/06/2021","X20.ANNI",0.48
"599","22/06/2021","X25.ANNI",0.49
"600","22/06/2021","X30.ANNI",0.49
"601","23/06/2021","X10.ANNI",0.11
"602","23/06/2021","X15.ANNI",0.36
"603","23/06/2021","X20.ANNI",0.48
"604","23/06/2021","X25.ANNI",0.49
"605","23/06/2021","X30.ANNI",0.47
"606","24/06/2021","X10.ANNI",0.12
"607","24/06/2021","X15.ANNI",0.38
"608","24/06/2021","X20.ANNI",0.49
"609","24/06/2021","X25.ANNI",0.51
"610","24/06/2021","X30.ANNI",0.49
"611","25/06/2021","X10.ANNI",0.14
"612","25/06/2021","X15.ANNI",0.4
"613","25/06/2021","X20.ANNI",0.51
"614","25/06/2021","X25.ANNI",0.54
"615","25/06/2021","X30.ANNI",0.51
"616","28/06/2021","X10.ANNI",0.12
"617","28/06/2021","X15.ANNI",0.38
"618","28/06/2021","X20.ANNI",0.49
"619","28/06/2021","X25.ANNI",0.51
"620","28/06/2021","X30.ANNI",0.49
"621","29/06/2021","X10.ANNI",0.13
"622","29/06/2021","X15.ANNI",0.39
"623","29/06/2021","X20.ANNI",0.51
"624","29/06/2021","X25.ANNI",0.53
"625","29/06/2021","X30.ANNI",0.51
"626","30/06/2021","X10.ANNI",0.1
"627","30/06/2021","X15.ANNI",0.38
"628","30/06/2021","X20.ANNI",0.48
"629","30/06/2021","X25.ANNI",0.52
"630","30/06/2021","X30.ANNI",0.48
"631","01/07/2021","X10.ANNI",0.11
"632","01/07/2021","X15.ANNI",0.37
"633","01/07/2021","X20.ANNI",0.49
"634","01/07/2021","X25.ANNI",0.51
"635","01/07/2021","X30.ANNI",0.51
"636","02/07/2021","X10.ANNI",0.08
"637","02/07/2021","X15.ANNI",0.36
"638","02/07/2021","X20.ANNI",0.46
"639","02/07/2021","X25.ANNI",0.5
"640","02/07/2021","X30.ANNI",0.48
"641","05/07/2021","X10.ANNI",0.11
"642","05/07/2021","X15.ANNI",0.37
"643","05/07/2021","X20.ANNI",0.48
"644","05/07/2021","X25.ANNI",0.51
"645","05/07/2021","X30.ANNI",0.49
"646","06/07/2021","X10.ANNI",0.06
"647","06/07/2021","X15.ANNI",0.31
"648","06/07/2021","X20.ANNI",0.43
"649","06/07/2021","X25.ANNI",0.45
"650","06/07/2021","X30.ANNI",0.43
"651","07/07/2021","X10.ANNI",0.04
"652","07/07/2021","X15.ANNI",0.27
"653","07/07/2021","X20.ANNI",0.4
"654","07/07/2021","X25.ANNI",0.4
"655","07/07/2021","X30.ANNI",0.39
"656","08/07/2021","X10.ANNI",0.01
"657","08/07/2021","X15.ANNI",0.27
"658","08/07/2021","X20.ANNI",0.36
"659","08/07/2021","X25.ANNI",0.38
"660","08/07/2021","X30.ANNI",0.37
"661","09/07/2021","X10.ANNI",0.03
"662","09/07/2021","X15.ANNI",0.29
"663","09/07/2021","X20.ANNI",0.4
"664","09/07/2021","X25.ANNI",0.41
"665","09/07/2021","X30.ANNI",0.39
"666","12/07/2021","X10.ANNI",0.03
"667","12/07/2021","X15.ANNI",0.29
"668","12/07/2021","X20.ANNI",0.4
"669","12/07/2021","X25.ANNI",0.41
"670","12/07/2021","X30.ANNI",0.39
"671","13/07/2021","X10.ANNI",0.04
"672","13/07/2021","X15.ANNI",0.29
"673","13/07/2021","X20.ANNI",0.4
"674","13/07/2021","X25.ANNI",0.42
"675","13/07/2021","X30.ANNI",0.4
"676","14/07/2021","X10.ANNI",0.04
"677","14/07/2021","X15.ANNI",0.29
"678","14/07/2021","X20.ANNI",0.39
"679","14/07/2021","X25.ANNI",0.42
"680","14/07/2021","X30.ANNI",0.4
"681","15/07/2021","X10.ANNI",0.02
"682","15/07/2021","X15.ANNI",0.26
"683","15/07/2021","X20.ANNI",0.38
"684","15/07/2021","X25.ANNI",0.39
"685","15/07/2021","X30.ANNI",0.37
"686","16/07/2021","X10.ANNI",0
"687","16/07/2021","X15.ANNI",0.25
"688","16/07/2021","X20.ANNI",0.36
"689","16/07/2021","X25.ANNI",0.38
"690","16/07/2021","X30.ANNI",0.36
"691","19/07/2021","X10.ANNI",-0.03
"692","19/07/2021","X15.ANNI",0.21
"693","19/07/2021","X20.ANNI",0.31
"694","19/07/2021","X25.ANNI",0.32
"695","19/07/2021","X30.ANNI",0.3
"696","20/07/2021","X10.ANNI",-0.05
"697","20/07/2021","X15.ANNI",0.18
"698","20/07/2021","X20.ANNI",0.28
"699","20/07/2021","X25.ANNI",0.29
"700","20/07/2021","X30.ANNI",0.26
"701","21/07/2021","X10.ANNI",-0.01
"702","21/07/2021","X15.ANNI",0.23
"703","21/07/2021","X20.ANNI",0.32
"704","21/07/2021","X25.ANNI",0.34
"705","21/07/2021","X30.ANNI",0.32
"706","22/07/2021","X10.ANNI",-0.05
"707","22/07/2021","X15.ANNI",0.2
"708","22/07/2021","X20.ANNI",0.3
"709","22/07/2021","X25.ANNI",0.31
"710","22/07/2021","X30.ANNI",0.29
"711","23/07/2021","X10.ANNI",-0.05
"712","23/07/2021","X15.ANNI",0.2
"713","23/07/2021","X20.ANNI",0.3
"714","23/07/2021","X25.ANNI",0.32
"715","23/07/2021","X30.ANNI",0.29
"716","26/07/2021","X10.ANNI",-0.02
"717","26/07/2021","X15.ANNI",0.22
"718","26/07/2021","X20.ANNI",0.31
"719","26/07/2021","X25.ANNI",0.34
"720","26/07/2021","X30.ANNI",0.31
"721","27/07/2021","X10.ANNI",-0.04
"722","27/07/2021","X15.ANNI",0.19
"723","27/07/2021","X20.ANNI",0.3
"724","27/07/2021","X25.ANNI",0.31
"725","27/07/2021","X30.ANNI",0.28
"726","28/07/2021","X10.ANNI",-0.05
"727","28/07/2021","X15.ANNI",0.19
"728","28/07/2021","X20.ANNI",0.3
"729","28/07/2021","X25.ANNI",0.31
"730","28/07/2021","X30.ANNI",0.31
"731","29/07/2021","X10.ANNI",-0.06
"732","29/07/2021","X15.ANNI",0.19
"733","29/07/2021","X20.ANNI",0.29
"734","29/07/2021","X25.ANNI",0.31
"735","29/07/2021","X30.ANNI",0.28
"736","30/07/2021","X10.ANNI",-0.06
"737","30/07/2021","X15.ANNI",0.18
"738","30/07/2021","X20.ANNI",0.29
"739","30/07/2021","X25.ANNI",0.3
"740","30/07/2021","X30.ANNI",0.27
"741","02/08/2021","X10.ANNI",-0.08
"742","02/08/2021","X15.ANNI",0.15
"743","02/08/2021","X20.ANNI",0.25
"744","02/08/2021","X25.ANNI",0.26
"745","02/08/2021","X30.ANNI",0.24
"746","03/08/2021","X10.ANNI",-0.1
"747","03/08/2021","X15.ANNI",0.15
"748","03/08/2021","X20.ANNI",0.26
"749","03/08/2021","X25.ANNI",0.27
"750","03/08/2021","X30.ANNI",0.24
"751","04/08/2021","X10.ANNI",-0.1
"752","04/08/2021","X15.ANNI",0.16
"753","04/08/2021","X20.ANNI",0.24
"754","04/08/2021","X25.ANNI",0.25
"755","04/08/2021","X30.ANNI",0.21
"756","05/08/2021","X10.ANNI",-0.09
"757","05/08/2021","X15.ANNI",0.13
"758","05/08/2021","X20.ANNI",0.24
"759","05/08/2021","X25.ANNI",0.23
"760","05/08/2021","X30.ANNI",0.19
"761","06/08/2021","X10.ANNI",-0.05
"762","06/08/2021","X15.ANNI",0.19
"763","06/08/2021","X20.ANNI",0.27
"764","06/08/2021","X25.ANNI",0.28
"765","06/08/2021","X30.ANNI",0.26
"766","09/08/2021","X10.ANNI",-0.08
"767","09/08/2021","X15.ANNI",0.17
"768","09/08/2021","X20.ANNI",0.26
"769","09/08/2021","X25.ANNI",0.26
"770","09/08/2021","X30.ANNI",0.23
"771","10/08/2021","X10.ANNI",-0.08
"772","10/08/2021","X15.ANNI",0.14
"773","10/08/2021","X20.ANNI",0.24
"774","10/08/2021","X25.ANNI",0.26
"775","10/08/2021","X30.ANNI",0.21
"776","11/08/2021","X10.ANNI",-0.09
"777","11/08/2021","X15.ANNI",0.16
"778","11/08/2021","X20.ANNI",0.24
"779","11/08/2021","X25.ANNI",0.26
"780","11/08/2021","X30.ANNI",0.23
"781","12/08/2021","X10.ANNI",-0.09
"782","12/08/2021","X15.ANNI",0.14
"783","12/08/2021","X20.ANNI",0.24
"784","12/08/2021","X25.ANNI",0.25
"785","12/08/2021","X30.ANNI",0.22
"786","13/08/2021","X10.ANNI",-0.1
"787","13/08/2021","X15.ANNI",0.13
"788","13/08/2021","X20.ANNI",0.23
"789","13/08/2021","X25.ANNI",0.24
"790","13/08/2021","X30.ANNI",0.2
"791","16/08/2021","X10.ANNI",-0.1
"792","16/08/2021","X15.ANNI",0.13
"793","16/08/2021","X20.ANNI",0.25
"794","16/08/2021","X25.ANNI",0.24
"795","16/08/2021","X30.ANNI",0.21
"796","17/08/2021","X10.ANNI",-0.08
"797","17/08/2021","X15.ANNI",0.16
"798","17/08/2021","X20.ANNI",0.24
"799","17/08/2021","X25.ANNI",0.26
"800","17/08/2021","X30.ANNI",0.23
"801","18/08/2021","X10.ANNI",-0.09
"802","18/08/2021","X15.ANNI",0.14
"803","18/08/2021","X20.ANNI",0.25
"804","18/08/2021","X25.ANNI",0.25
"805","18/08/2021","X30.ANNI",0.21
"806","19/08/2021","X10.ANNI",-0.11
"807","19/08/2021","X15.ANNI",0.12
"808","19/08/2021","X20.ANNI",0.22
"809","19/08/2021","X25.ANNI",0.23
"810","19/08/2021","X30.ANNI",0.2
"811","20/08/2021","X10.ANNI",-0.11
"812","20/08/2021","X15.ANNI",0.12
"813","20/08/2021","X20.ANNI",0.21
"814","20/08/2021","X25.ANNI",0.22
"815","20/08/2021","X30.ANNI",0.19
"816","23/08/2021","X10.ANNI",-0.1
"817","23/08/2021","X15.ANNI",0.12
"818","23/08/2021","X20.ANNI",0.22
"819","23/08/2021","X25.ANNI",0.23
"820","23/08/2021","X30.ANNI",0.2
"821","24/08/2021","X10.ANNI",-0.11
"822","24/08/2021","X15.ANNI",0.13
"823","24/08/2021","X20.ANNI",0.23
"824","24/08/2021","X25.ANNI",0.26
"825","24/08/2021","X30.ANNI",0.21
"826","25/08/2021","X10.ANNI",-0.04
"827","25/08/2021","X15.ANNI",0.2
"828","25/08/2021","X20.ANNI",0.28
"829","25/08/2021","X25.ANNI",0.31
"830","25/08/2021","X30.ANNI",0.29
"831","26/08/2021","X10.ANNI",-0.05
"832","26/08/2021","X15.ANNI",0.18
"833","26/08/2021","X20.ANNI",0.28
"834","26/08/2021","X25.ANNI",0.3
"835","26/08/2021","X30.ANNI",0.26
"836","27/08/2021","X10.ANNI",-0.04
"837","27/08/2021","X15.ANNI",0.2
"838","27/08/2021","X20.ANNI",0.3
"839","27/08/2021","X25.ANNI",0.32
"840","27/08/2021","X30.ANNI",0.29
"841","30/08/2021","X10.ANNI",-0.05
"842","30/08/2021","X15.ANNI",0.2
"843","30/08/2021","X20.ANNI",0.3
"844","30/08/2021","X25.ANNI",0.3
"845","30/08/2021","X30.ANNI",0.29
"846","31/08/2021","X10.ANNI",-0.03
"847","31/08/2021","X15.ANNI",0.21
"848","31/08/2021","X20.ANNI",0.32
"849","31/08/2021","X25.ANNI",0.33
"850","31/08/2021","X30.ANNI",0.3
"851","01/09/2021","X10.ANNI",-0.01
"852","01/09/2021","X15.ANNI",0.23
"853","01/09/2021","X20.ANNI",0.34
"854","01/09/2021","X25.ANNI",0.36
"855","01/09/2021","X30.ANNI",0.33
"856","02/09/2021","X10.ANNI",0
"857","02/09/2021","X15.ANNI",0.25
"858","02/09/2021","X20.ANNI",0.34
"859","02/09/2021","X25.ANNI",0.37
"860","02/09/2021","X30.ANNI",0.34
"861","03/09/2021","X10.ANNI",0
"862","03/09/2021","X15.ANNI",0.25
"863","03/09/2021","X20.ANNI",0.34
"864","03/09/2021","X25.ANNI",0.37
"865","03/09/2021","X30.ANNI",0.34
"866","06/09/2021","X10.ANNI",0.02
"867","06/09/2021","X15.ANNI",0.27
"868","06/09/2021","X20.ANNI",0.37
"869","06/09/2021","X25.ANNI",0.39
"870","06/09/2021","X30.ANNI",0.37
"871","07/09/2021","X10.ANNI",0.06
"872","07/09/2021","X15.ANNI",0.3
"873","07/09/2021","X20.ANNI",0.4
"874","07/09/2021","X25.ANNI",0.42
"875","07/09/2021","X30.ANNI",0.39
"876","08/09/2021","X10.ANNI",0.05
"877","08/09/2021","X15.ANNI",0.29
"878","08/09/2021","X20.ANNI",0.39
"879","08/09/2021","X25.ANNI",0.4
"880","08/09/2021","X30.ANNI",0.38
"881","09/09/2021","X10.ANNI",0
"882","09/09/2021","X15.ANNI",0.24
"883","09/09/2021","X20.ANNI",0.35
"884","09/09/2021","X25.ANNI",0.36
"885","09/09/2021","X30.ANNI",0.34
"886","10/09/2021","X10.ANNI",0.03
"887","10/09/2021","X15.ANNI",0.27
"888","10/09/2021","X20.ANNI",0.38
"889","10/09/2021","X25.ANNI",0.39
"890","10/09/2021","X30.ANNI",0.37
"891","13/09/2021","X10.ANNI",0.03
"892","13/09/2021","X15.ANNI",0.28
"893","13/09/2021","X20.ANNI",0.4
"894","13/09/2021","X25.ANNI",0.4
"895","13/09/2021","X30.ANNI",0.37
"896","14/09/2021","X10.ANNI",0.04
"897","14/09/2021","X15.ANNI",0.28
"898","14/09/2021","X20.ANNI",0.37
"899","14/09/2021","X25.ANNI",0.39
"900","14/09/2021","X30.ANNI",0.38
"901","15/09/2021","X10.ANNI",0.06
"902","15/09/2021","X15.ANNI",0.31
"903","15/09/2021","X20.ANNI",0.4
"904","15/09/2021","X25.ANNI",0.42
"905","15/09/2021","X30.ANNI",0.41
"906","16/09/2021","X10.ANNI",0.08
"907","16/09/2021","X15.ANNI",0.33
"908","16/09/2021","X20.ANNI",0.42
"909","16/09/2021","X25.ANNI",0.45
"910","16/09/2021","X30.ANNI",0.42
"911","17/09/2021","X10.ANNI",0.11
"912","17/09/2021","X15.ANNI",0.36
"913","17/09/2021","X20.ANNI",0.45
"914","17/09/2021","X25.ANNI",0.48
"915","17/09/2021","X30.ANNI",0.46
"916","20/09/2021","X10.ANNI",0.09
"917","20/09/2021","X15.ANNI",0.31
"918","20/09/2021","X20.ANNI",0.42
"919","20/09/2021","X25.ANNI",0.44
"920","20/09/2021","X30.ANNI",0.41
"921","21/09/2021","X10.ANNI",0.07
"922","21/09/2021","X15.ANNI",0.31
"923","21/09/2021","X20.ANNI",0.39
"924","21/09/2021","X25.ANNI",0.43
"925","21/09/2021","X30.ANNI",0.39
"926","22/09/2021","X10.ANNI",0.05
"927","22/09/2021","X15.ANNI",0.29
"928","22/09/2021","X20.ANNI",0.39
"929","22/09/2021","X25.ANNI",0.4
"930","22/09/2021","X30.ANNI",0.38
"931","23/09/2021","X10.ANNI",0.11
"932","23/09/2021","X15.ANNI",0.36
"933","23/09/2021","X20.ANNI",0.46
"934","23/09/2021","X25.ANNI",0.47
"935","23/09/2021","X30.ANNI",0.44
"936","24/09/2021","X10.ANNI",0.16
"937","24/09/2021","X15.ANNI",0.38
"938","24/09/2021","X20.ANNI",0.48
"939","24/09/2021","X25.ANNI",0.51
"940","24/09/2021","X30.ANNI",0.47
"941","27/09/2021","X10.ANNI",0.15
"942","27/09/2021","X15.ANNI",0.39
"943","27/09/2021","X20.ANNI",0.49
"944","27/09/2021","X25.ANNI",0.51
"945","27/09/2021","X30.ANNI",0.48
"946","28/09/2021","X10.ANNI",0.17
"947","28/09/2021","X15.ANNI",0.41
"948","28/09/2021","X20.ANNI",0.5
"949","28/09/2021","X25.ANNI",0.51
"950","28/09/2021","X30.ANNI",0.49
"951","29/09/2021","X10.ANNI",0.15
"952","29/09/2021","X15.ANNI",0.39
"953","29/09/2021","X20.ANNI",0.49
"954","29/09/2021","X25.ANNI",0.5
"955","29/09/2021","X30.ANNI",0.47
"956","30/09/2021","X10.ANNI",0.18
"957","30/09/2021","X15.ANNI",0.42
"958","30/09/2021","X20.ANNI",0.51
"959","30/09/2021","X25.ANNI",0.54
"960","30/09/2021","X30.ANNI",0.5
"961","01/10/2021","X10.ANNI",0.17
"962","01/10/2021","X15.ANNI",0.4
"963","01/10/2021","X20.ANNI",0.5
"964","01/10/2021","X25.ANNI",0.53
"965","01/10/2021","X30.ANNI",0.51
"966","04/10/2021","X10.ANNI",0.16
"967","04/10/2021","X15.ANNI",0.41
"968","04/10/2021","X20.ANNI",0.53
"969","04/10/2021","X25.ANNI",0.54
"970","04/10/2021","X30.ANNI",0.5
"971","05/10/2021","X10.ANNI",0.2
"972","05/10/2021","X15.ANNI",0.44
"973","05/10/2021","X20.ANNI",0.56
"974","05/10/2021","X25.ANNI",0.57
"975","05/10/2021","X30.ANNI",0.55
"976","06/10/2021","X10.ANNI",0.21
"977","06/10/2021","X15.ANNI",0.45
"978","06/10/2021","X20.ANNI",0.56
"979","06/10/2021","X25.ANNI",0.58
"980","06/10/2021","X30.ANNI",0.55
"981","07/10/2021","X10.ANNI",0.22
"982","07/10/2021","X15.ANNI",0.46
"983","07/10/2021","X20.ANNI",0.55
"984","07/10/2021","X25.ANNI",0.59
"985","07/10/2021","X30.ANNI",0.57
"986","08/10/2021","X10.ANNI",0.24
"987","08/10/2021","X15.ANNI",0.49
"988","08/10/2021","X20.ANNI",0.59
"989","08/10/2021","X25.ANNI",0.61
"990","08/10/2021","X30.ANNI",0.59
"991","11/10/2021","X10.ANNI",0.27
"992","11/10/2021","X15.ANNI",0.52
"993","11/10/2021","X20.ANNI",0.63
"994","11/10/2021","X25.ANNI",0.64
"995","11/10/2021","X30.ANNI",0.62
"996","12/10/2021","X10.ANNI",0.31
"997","12/10/2021","X15.ANNI",0.54
"998","12/10/2021","X20.ANNI",0.65
"999","12/10/2021","X25.ANNI",0.67
"1000","12/10/2021","X30.ANNI",0.64
"1001","13/10/2021","X10.ANNI",0.27
"1002","13/10/2021","X15.ANNI",0.5
"1003","13/10/2021","X20.ANNI",0.57
"1004","13/10/2021","X25.ANNI",0.59
"1005","13/10/2021","X30.ANNI",0.56
"1006","14/10/2021","X10.ANNI",0.22
"1007","14/10/2021","X15.ANNI",0.45
"1008","14/10/2021","X20.ANNI",0.52
"1009","14/10/2021","X25.ANNI",0.53
"1010","14/10/2021","X30.ANNI",0.5
"1011","15/10/2021","X10.ANNI",0.23
"1012","15/10/2021","X15.ANNI",0.45
"1013","15/10/2021","X20.ANNI",0.54
"1014","15/10/2021","X25.ANNI",0.54
"1015","15/10/2021","X30.ANNI",0.51
"1016","18/10/2021","X10.ANNI",0.24
"1017","18/10/2021","X15.ANNI",0.45
"1018","18/10/2021","X20.ANNI",0.53
"1019","18/10/2021","X25.ANNI",0.51
"1020","18/10/2021","X30.ANNI",0.47
"1021","19/10/2021","X10.ANNI",0.28
"1022","19/10/2021","X15.ANNI",0.48
"1023","19/10/2021","X20.ANNI",0.55
"1024","19/10/2021","X25.ANNI",0.54
"1025","19/10/2021","X30.ANNI",0.5
"1026","20/10/2021","X10.ANNI",0.27
"1027","20/10/2021","X15.ANNI",0.48
"1028","20/10/2021","X20.ANNI",0.56
"1029","20/10/2021","X25.ANNI",0.55
"1030","20/10/2021","X30.ANNI",0.51
"1031","21/10/2021","X10.ANNI",0.29
"1032","21/10/2021","X15.ANNI",0.49
"1033","21/10/2021","X20.ANNI",0.55
"1034","21/10/2021","X25.ANNI",0.54
"1035","21/10/2021","X30.ANNI",0.5
"1036","22/10/2021","X10.ANNI",0.29
"1037","22/10/2021","X15.ANNI",0.47
"1038","22/10/2021","X20.ANNI",0.53
"1039","22/10/2021","X25.ANNI",0.51
"1040","22/10/2021","X30.ANNI",0.46
"1041","25/10/2021","X10.ANNI",0.3
"1042","25/10/2021","X15.ANNI",0.48
"1043","25/10/2021","X20.ANNI",0.54
"1044","25/10/2021","X25.ANNI",0.54
"1045","25/10/2021","X30.ANNI",0.49
"1046","26/10/2021","X10.ANNI",0.28
"1047","26/10/2021","X15.ANNI",0.46
"1048","26/10/2021","X20.ANNI",0.52
"1049","26/10/2021","X25.ANNI",0.5
"1050","26/10/2021","X30.ANNI",0.45
"1051","27/10/2021","X10.ANNI",0.21
"1052","27/10/2021","X15.ANNI",0.39
"1053","27/10/2021","X20.ANNI",0.43
"1054","27/10/2021","X25.ANNI",0.41
"1055","27/10/2021","X30.ANNI",0.35
"1056","28/10/2021","X10.ANNI",0.24
"1057","28/10/2021","X15.ANNI",0.39
"1058","28/10/2021","X20.ANNI",0.43
"1059","28/10/2021","X25.ANNI",0.4
"1060","28/10/2021","X30.ANNI",0.34
"1061","29/10/2021","X10.ANNI",0.31
"1062","29/10/2021","X15.ANNI",0.43
"1063","29/10/2021","X20.ANNI",0.45
"1064","29/10/2021","X25.ANNI",0.4
"1065","29/10/2021","X30.ANNI",0.33
"1066","01/11/2021","X10.ANNI",0.31
"1067","01/11/2021","X15.ANNI",0.44
"1068","01/11/2021","X20.ANNI",0.44
"1069","01/11/2021","X25.ANNI",0.42
"1070","01/11/2021","X30.ANNI",0.35
"1071","02/11/2021","X10.ANNI",0.21
"1072","02/11/2021","X15.ANNI",0.37
"1073","02/11/2021","X20.ANNI",0.42
"1074","02/11/2021","X25.ANNI",0.39
"1075","02/11/2021","X30.ANNI",0.34
"1076","03/11/2021","X10.ANNI",0.21
"1077","03/11/2021","X15.ANNI",0.37
"1078","03/11/2021","X20.ANNI",0.41
"1079","03/11/2021","X25.ANNI",0.39
"1080","03/11/2021","X30.ANNI",0.34
"1081","04/11/2021","X10.ANNI",0.16
"1082","04/11/2021","X15.ANNI",0.35
"1083","04/11/2021","X20.ANNI",0.41
"1084","04/11/2021","X25.ANNI",0.4
"1085","04/11/2021","X30.ANNI",0.37
"1086","05/11/2021","X10.ANNI",0.12
"1087","05/11/2021","X15.ANNI",0.3
"1088","05/11/2021","X20.ANNI",0.35
"1089","05/11/2021","X25.ANNI",0.34
"1090","05/11/2021","X30.ANNI",0.3
"1091","08/11/2021","X10.ANNI",0.14
"1092","08/11/2021","X15.ANNI",0.32
"1093","08/11/2021","X20.ANNI",0.38
"1094","08/11/2021","X25.ANNI",0.37
"1095","08/11/2021","X30.ANNI",0.33
"1096","09/11/2021","X10.ANNI",0.11
"1097","09/11/2021","X15.ANNI",0.27
"1098","09/11/2021","X20.ANNI",0.31
"1099","09/11/2021","X25.ANNI",0.29
"1100","09/11/2021","X30.ANNI",0.25
"1101","10/11/2021","X10.ANNI",0.17
"1102","10/11/2021","X15.ANNI",0.32
"1103","10/11/2021","X20.ANNI",0.35
"1104","10/11/2021","X25.ANNI",0.34
"1105","10/11/2021","X30.ANNI",0.29
"1106","11/11/2021","X10.ANNI",0.22
"1107","11/11/2021","X15.ANNI",0.35
"1108","11/11/2021","X20.ANNI",0.39
"1109","11/11/2021","X25.ANNI",0.35
"1110","11/11/2021","X30.ANNI",0.3
"1111","12/11/2021","X10.ANNI",0.21
"1112","12/11/2021","X15.ANNI",0.36
"1113","12/11/2021","X20.ANNI",0.4
"1114","12/11/2021","X25.ANNI",0.37
"1115","12/11/2021","X30.ANNI",0.32
"1116","15/11/2021","X10.ANNI",0.21
"1117","15/11/2021","X15.ANNI",0.37
"1118","15/11/2021","X20.ANNI",0.41
"1119","15/11/2021","X25.ANNI",0.39
"1120","15/11/2021","X30.ANNI",0.33
"1121","16/11/2021","X10.ANNI",0.21
"1122","16/11/2021","X15.ANNI",0.38
"1123","16/11/2021","X20.ANNI",0.42
"1124","16/11/2021","X25.ANNI",0.41
"1125","16/11/2021","X30.ANNI",0.36
"1126","17/11/2021","X10.ANNI",0.21
"1127","17/11/2021","X15.ANNI",0.38
"1128","17/11/2021","X20.ANNI",0.42
"1129","17/11/2021","X25.ANNI",0.41
"1130","17/11/2021","X30.ANNI",0.37
"1131","18/11/2021","X10.ANNI",0.19
"1132","18/11/2021","X15.ANNI",0.35
"1133","18/11/2021","X20.ANNI",0.39
"1134","18/11/2021","X25.ANNI",0.37
"1135","18/11/2021","X30.ANNI",0.33
"1136","19/11/2021","X10.ANNI",0.14
"1137","19/11/2021","X15.ANNI",0.31
"1138","19/11/2021","X20.ANNI",0.36
"1139","19/11/2021","X25.ANNI",0.34
"1140","19/11/2021","X30.ANNI",0.29
"1141","22/11/2021","X10.ANNI",0.16
"1142","22/11/2021","X15.ANNI",0.33
"1143","22/11/2021","X20.ANNI",0.37
"1144","22/11/2021","X25.ANNI",0.35
"1145","22/11/2021","X30.ANNI",0.31
"1146","23/11/2021","X10.ANNI",0.21
"1147","23/11/2021","X15.ANNI",0.39
"1148","23/11/2021","X20.ANNI",0.43
"1149","23/11/2021","X25.ANNI",0.41
"1150","23/11/2021","X30.ANNI",0.36
"1151","24/11/2021","X10.ANNI",0.24
"1152","24/11/2021","X15.ANNI",0.42
"1153","24/11/2021","X20.ANNI",0.47
"1154","24/11/2021","X25.ANNI",0.45
"1155","24/11/2021","X30.ANNI",0.4
"1156","25/11/2021","X10.ANNI",0.22
"1157","25/11/2021","X15.ANNI",0.41
"1158","25/11/2021","X20.ANNI",0.44
"1159","25/11/2021","X25.ANNI",0.42
"1160","25/11/2021","X30.ANNI",0.37
"1161","26/11/2021","X10.ANNI",0.16
"1162","26/11/2021","X15.ANNI",0.34
"1163","26/11/2021","X20.ANNI",0.38
"1164","26/11/2021","X25.ANNI",0.35
"1165","26/11/2021","X30.ANNI",0.31
"1166","29/11/2021","X10.ANNI",0.18
"1167","29/11/2021","X15.ANNI",0.36
"1168","29/11/2021","X20.ANNI",0.38
"1169","29/11/2021","X25.ANNI",0.38
"1170","29/11/2021","X30.ANNI",0.33
"1171","30/11/2021","X10.ANNI",0.14
"1172","30/11/2021","X15.ANNI",0.31
"1173","30/11/2021","X20.ANNI",0.34
"1174","30/11/2021","X25.ANNI",0.31
"1175","30/11/2021","X30.ANNI",0.25
"1176","01/12/2021","X10.ANNI",0.16
"1177","01/12/2021","X15.ANNI",0.3
"1178","01/12/2021","X20.ANNI",0.34
"1179","01/12/2021","X25.ANNI",0.31
"1180","01/12/2021","X30.ANNI",0.24
"1181","02/12/2021","X10.ANNI",0.12
"1182","02/12/2021","X15.ANNI",0.29
"1183","02/12/2021","X20.ANNI",0.32
"1184","02/12/2021","X25.ANNI",0.28
"1185","02/12/2021","X30.ANNI",0.23
"1186","03/12/2021","X10.ANNI",0.12
"1187","03/12/2021","X15.ANNI",0.27
"1188","03/12/2021","X20.ANNI",0.31
"1189","03/12/2021","X25.ANNI",0.26
"1190","03/12/2021","X30.ANNI",0.2
"1191","06/12/2021","X10.ANNI",0.11
"1192","06/12/2021","X15.ANNI",0.27
"1193","06/12/2021","X20.ANNI",0.3
"1194","06/12/2021","X25.ANNI",0.26
"1195","06/12/2021","X30.ANNI",0.2
"1196","07/12/2021","X10.ANNI",0.12
"1197","07/12/2021","X15.ANNI",0.28
"1198","07/12/2021","X20.ANNI",0.28
"1199","07/12/2021","X25.ANNI",0.27
"1200","07/12/2021","X30.ANNI",0.21
"1201","08/12/2021","X10.ANNI",0.16
"1202","08/12/2021","X15.ANNI",0.32
"1203","08/12/2021","X20.ANNI",0.35
"1204","08/12/2021","X25.ANNI",0.32
"1205","08/12/2021","X30.ANNI",0.24
"1206","09/12/2021","X10.ANNI",0.12
"1207","09/12/2021","X15.ANNI",0.27
"1208","09/12/2021","X20.ANNI",0.33
"1209","09/12/2021","X25.ANNI",0.3
"1210","09/12/2021","X30.ANNI",0.23
"1211","10/12/2021","X10.ANNI",0.11
"1212","10/12/2021","X15.ANNI",0.28
"1213","10/12/2021","X20.ANNI",0.33
"1214","10/12/2021","X25.ANNI",0.29
"1215","10/12/2021","X30.ANNI",0.24
"1216","13/12/2021","X10.ANNI",0.09
"1217","13/12/2021","X15.ANNI",0.25
"1218","13/12/2021","X20.ANNI",0.29
"1219","13/12/2021","X25.ANNI",0.28
"1220","13/12/2021","X30.ANNI",0.23
"1221","14/12/2021","X10.ANNI",0.11
"1222","14/12/2021","X15.ANNI",0.26
"1223","14/12/2021","X20.ANNI",0.29
"1224","14/12/2021","X25.ANNI",0.28
"1225","14/12/2021","X30.ANNI",0.25
"1226","15/12/2021","X10.ANNI",0.13
"1227","15/12/2021","X15.ANNI",0.3
"1228","15/12/2021","X20.ANNI",0.33
"1229","15/12/2021","X25.ANNI",0.3
"1230","15/12/2021","X30.ANNI",0.27
"1231","16/12/2021","X10.ANNI",0.13
"1232","16/12/2021","X15.ANNI",0.3
"1233","16/12/2021","X20.ANNI",0.35
"1234","16/12/2021","X25.ANNI",0.32
"1235","16/12/2021","X30.ANNI",0.28
"1236","17/12/2021","X10.ANNI",0.12
"1237","17/12/2021","X15.ANNI",0.28
"1238","17/12/2021","X20.ANNI",0.33
"1239","17/12/2021","X25.ANNI",0.3
"1240","17/12/2021","X30.ANNI",0.26
"1241","20/12/2021","X10.ANNI",0.14
"1242","20/12/2021","X15.ANNI",0.31
"1243","20/12/2021","X20.ANNI",0.37
"1244","20/12/2021","X25.ANNI",0.35
"1245","20/12/2021","X30.ANNI",0.31
"1246","21/12/2021","X10.ANNI",0.19
"1247","21/12/2021","X15.ANNI",0.38
"1248","21/12/2021","X20.ANNI",0.43
"1249","21/12/2021","X25.ANNI",0.42
"1250","21/12/2021","X30.ANNI",0.38
"1251","22/12/2021","X10.ANNI",0.22
"1252","22/12/2021","X15.ANNI",0.39
"1253","22/12/2021","X20.ANNI",0.45
"1254","22/12/2021","X25.ANNI",0.42
"1255","22/12/2021","X30.ANNI",0.38
"1256","23/12/2021","X10.ANNI",0.26
"1257","23/12/2021","X15.ANNI",0.44
"1258","23/12/2021","X20.ANNI",0.5
"1259","23/12/2021","X25.ANNI",0.48
"1260","23/12/2021","X30.ANNI",0.44
"1261","27/12/2021","X10.ANNI",0.25
"1262","27/12/2021","X15.ANNI",0.43
"1263","27/12/2021","X20.ANNI",0.49
"1264","27/12/2021","X25.ANNI",0.46
"1265","27/12/2021","X30.ANNI",0.42
"1266","28/12/2021","X10.ANNI",0.26
"1267","28/12/2021","X15.ANNI",0.43
"1268","28/12/2021","X20.ANNI",0.49
"1269","28/12/2021","X25.ANNI",0.46
"1270","28/12/2021","X30.ANNI",0.41
"1271","29/12/2021","X10.ANNI",0.32
"1272","29/12/2021","X15.ANNI",0.5
"1273","29/12/2021","X20.ANNI",0.56
"1274","29/12/2021","X25.ANNI",0.54
"1275","29/12/2021","X30.ANNI",0.48
"1276","30/12/2021","X10.ANNI",0.32
"1277","30/12/2021","X15.ANNI",0.51
"1278","30/12/2021","X20.ANNI",0.55
"1279","30/12/2021","X25.ANNI",0.53
"1280","30/12/2021","X30.ANNI",0.47
